{"\u0130ZM\u0130R": [38.4192537, 27.128469], "DEN\u0130ZL\u0130": [41.091764, 29.789462], "ANTALYA": [36.8865728, 30.7030242], "MERS\u0130N": [36.7978381, 34.6298391], "ADANA": [36.9863599, 35.3252861], "KAHRAMANMARA\u015e": [37.5812744, 36.927509], "ANKARA": [39.9207759, 32.8540497], "B\u0130LEC\u0130K": [40.1435101, 29.9752911], "K\u00dcTAHYA": [39.4199106, 29.9857886], "MAN\u0130SA": [38.6125793, 27.4333969], "KONYA": [37.872734, 32.4924376], "N\u0130\u011eDE": [37.969849, 34.6764495], "KAYSER\u0130": [38.7219011, 35.4873214], "S\u0130VAS": [39.7503574, 37.0145173], "ERZ\u0130NCAN": [39.7467552, 39.49103], "ERZURUM": [39.90632, 41.2727715], "A\u011eRI": [39.719125, 43.0504894]}